department,position,scale_point,annual_rat(€)
#MANAGEMENT
MANAGEMENT_LEVEL,PRESIDENT,,"240,716"
MANAGEMENT_LEVEL,VICE_PRESIDENT,,"184,171"

#ACADEMIC
ACADEMIC,FULL_PROFESSOR(FORMERLY PROFESSOR),1,"140,068"
ACADEMIC,FULL_PROFESSOR(FORMERLY PROFESSOR),2,"148,055"
ACADEMIC,FULL_PROFESSOR(FORMERLY PROFESSOR),3,"156,042"
ACADEMIC,FULL_PROFESSOR(FORMERLY PROFESSOR),4,"164,028"
ACADEMIC,FULL_PROFESSOR(FORMERLY PROFESSOR),5,"172,016"
ACADEMIC,FULL_PROFESSOR(FORMERLY PROFESSOR),6,"177,078"

ACADEMIC,PROFESSOR(FORMERLY_ASSOCIATE_PROFESSOR),1,"101,447"
ACADEMIC,PROFESSOR(FORMERLY_ASSOCIATE_PROFESSOR),2,"108,276"
ACADEMIC,PROFESSOR(FORMERLY_ASSOCIATE_PROFESSOR),3,"115,107"
ACADEMIC,PROFESSOR(FORMERLY_ASSOCIATE_PROFESSOR),4,"121,935"
ACADEMIC,PROFESSOR(FORMERLY_ASSOCIATE_PROFESSOR),5,"128,770"
ACADEMIC,PROFESSOR(FORMERLY_ASSOCIATE_PROFESSOR),6,"135,598"

ACADEMIC,ASSOCIATE_PROFESSOR_A(FORMERLY_SENIOR_LECTURER),1,"87,548"
ACADEMIC,ASSOCIATE_PROFESSOR_A(FORMERLY_SENIOR_LECTURER),2,"91,018"
ACADEMIC,ASSOCIATE_PROFESSOR_A(FORMERLY_SENIOR_LECTURER),3,"94,492"
ACADEMIC,ASSOCIATE_PROFESSOR_A(FORMERLY_SENIOR_LECTURER),4,"97,988"
ACADEMIC,ASSOCIATE_PROFESSOR_A(FORMERLY_SENIOR_LECTURER),5,"101,461"
ACADEMIC,ASSOCIATE_PROFESSOR_A(FORMERLY_SENIOR_LECTURER),6,"104,948"
ACADEMIC,ASSOCIATE_PROFESSOR_A(FORMERLY_SENIOR_LECTURER),7,"108,430"
ACADEMIC,ASSOCIATE_PROFESSOR_A(FORMERLY_SENIOR_LECTURER),8,"111,916"
ACADEMIC,ASSOCIATE_PROFESSOR_A(FORMERLY_SENIOR_LECTURER),9,"115,395"

ACADEMIC,ASSOCIATE_PROFESSOR_B(FORMERLY_LECTURER),1,"62,069"
ACADEMIC,ASSOCIATE_PROFESSOR_B(FORMERLY_LECTURER),2,"73,093"
ACADEMIC,ASSOCIATE_PROFESSOR_B(FORMERLY_LECTURER),3,"77,006"
ACADEMIC,ASSOCIATE_PROFESSOR_B(FORMERLY_LECTURER),4,"79,703"
ACADEMIC,ASSOCIATE_PROFESSOR_B(FORMERLY_LECTURER),5,"83,634"
ACADEMIC,ASSOCIATE_PROFESSOR_B(FORMERLY_LECTURER),6,"87,604"
ACADEMIC,ASSOCIATE_PROFESSOR_B(FORMERLY_LECTURER),7,"91,563"
ACADEMIC,ASSOCIATE_PROFESSOR_B(FORMERLY_LECTURER),8,"95,514"
ACADEMIC,ASSOCIATE_PROFESSOR_B(FORMERLY_LECTURER),9,"99,471"

ACADEMIC,ASSISTANT_PROFESSOR(FORMERLY_LECTURER_BELOW_THE_BAR),1,"46,955"
ACADEMIC,ASSISTANT_PROFESSOR(FORMERLY_LECTURER_BELOW_THE_BAR),2,"49,543"
ACADEMIC,ASSISTANT_PROFESSOR(FORMERLY_LECTURER_BELOW_THE_BAR),3,"51,676"
ACADEMIC,ASSISTANT_PROFESSOR(FORMERLY_LECTURER_BELOW_THE_BAR),4,"53,644"
ACADEMIC,ASSISTANT_PROFESSOR(FORMERLY_LECTURER_BELOW_THE_BAR),5,"55,689"
ACADEMIC,ASSISTANT_PROFESSOR(FORMERLY_LECTURER_BELOW_THE_BAR),6,"57,323"
ACADEMIC,ASSISTANT_PROFESSOR(FORMERLY_LECTURER_BELOW_THE_BAR),7,"58,990"
ACADEMIC,ASSISTANT_PROFESSOR(FORMERLY_LECTURER_BELOW_THE_BAR),8,"60,654"
ACADEMIC,ASSISTANT_PROFESSOR(FORMERLY_LECTURER_BELOW_THE_BAR),9,"62,314"
ACADEMIC,ASSISTANT_PROFESSOR(FORMERLY_LECTURER_BELOW_THE_BAR),10,"63,965"

ACADEMIC,TEACHING_ASSISTANT,1,"37,010"
ACADEMIC,TEACHING_ASSISTANT,2,"40,061"


#ADIMINISTRATIVE

ADIMINISTRATIVE,ENIOR_ADMINISTRATIVE_OFFICER_III,1,"106,800"
ADIMINISTRATIVE,ENIOR_ADMINISTRATIVE_OFFICER_III,2,"113,990"
ADIMINISTRATIVE,ENIOR_ADMINISTRATIVE_OFFICER_III,3,"121,181"
ADIMINISTRATIVE,ENIOR_ADMINISTRATIVE_OFFICER_III,4,"128,369"
ADIMINISTRATIVE,ENIOR_ADMINISTRATIVE_OFFICER_III,5,"135,565"
ADIMINISTRATIVE,ENIOR_ADMINISTRATIVE_OFFICER_III,6,"142,758"

ADIMINISTRATIVE,ENIOR_ADMINISTRATIVE_OFFICER_II,1,"94,941"
ADIMINISTRATIVE,ENIOR_ADMINISTRATIVE_OFFICER_II,2,"98,703"
ADIMINISTRATIVE,ENIOR_ADMINISTRATIVE_OFFICER_II,3,"102,487"
ADIMINISTRATIVE,ENIOR_ADMINISTRATIVE_OFFICER_II,4,"106,270"
ADIMINISTRATIVE,ENIOR_ADMINISTRATIVE_OFFICER_II,5,"110,030"
ADIMINISTRATIVE,ENIOR_ADMINISTRATIVE_OFFICER_II,6,"113,810"
ADIMINISTRATIVE,ENIOR_ADMINISTRATIVE_OFFICER_II,7,"117,589"
ADIMINISTRATIVE,ENIOR_ADMINISTRATIVE_OFFICER_II,8,"121,368"
ADIMINISTRATIVE,ENIOR_ADMINISTRATIVE_OFFICER_II,9,"125,140"

ADIMINISTRATIVE,ENIOR_ADMINISTRATIVE_OFFICER_I,1,"67,132"
ADIMINISTRATIVE,ENIOR_ADMINISTRATIVE_OFFICER_I,2,"69,712"
ADIMINISTRATIVE,ENIOR_ADMINISTRATIVE_OFFICER_I,3,"72,480"
ADIMINISTRATIVE,ENIOR_ADMINISTRATIVE_OFFICER_I,4,"75,725"
ADIMINISTRATIVE,ENIOR_ADMINISTRATIVE_OFFICER_I,5,"79,088"
ADIMINISTRATIVE,ENIOR_ADMINISTRATIVE_OFFICER_I,6,"82,103"
ADIMINISTRATIVE,ENIOR_ADMINISTRATIVE_OFFICER_I,7,"86,389"
ADIMINISTRATIVE,ENIOR_ADMINISTRATIVE_OFFICER_I,8,"90,697"
ADIMINISTRATIVE,ENIOR_ADMINISTRATIVE_OFFICER_I,9,"95,004"
ADIMINISTRATIVE,ENIOR_ADMINISTRATIVE_OFFICER_I,10,"99,296"
ADIMINISTRATIVE,ENIOR_ADMINISTRATIVE_OFFICER_I,11,"103,583"
ADIMINISTRATIVE,ENIOR_ADMINISTRATIVE_OFFICER_I,12,"107,875"

ADIMINISTRATIVE,SENIOR_EXECUTIVE_ADMINISTRATOR,1,"58,657"
ADIMINISTRATIVE,SENIOR_EXECUTIVE_ADMINISTRATOR,2,"60,174"
ADIMINISTRATIVE,SENIOR_EXECUTIVE_ADMINISTRATOR,3,"61,704"
ADIMINISTRATIVE,SENIOR_EXECUTIVE_ADMINISTRATOR,4,"63,240"
ADIMINISTRATIVE,SENIOR_EXECUTIVE_ADMINISTRATOR,5,"64,776"
ADIMINISTRATIVE,SENIOR_EXECUTIVE_ADMINISTRATOR,6,"66,317"
ADIMINISTRATIVE,SENIOR_EXECUTIVE_ADMINISTRATOR,7,"68,510"
ADIMINISTRATIVE,SENIOR_EXECUTIVE_ADMINISTRATOR,8,"72,779"
ADIMINISTRATIVE,SENIOR_EXECUTIVE_ADMINISTRATOR,9,"77,291"
ADIMINISTRATIVE,SENIOR_EXECUTIVE_ADMINISTRATOR,10,"79,691"
ADIMINISTRATIVE,SENIOR_EXECUTIVE_ADMINISTRATOR,11,"83,397"

ADIMINISTRATIVE,EXECUTIVE_ADMINISTRATOR,1,"44,752"
ADIMINISTRATIVE,EXECUTIVE_ADMINISTRATOR,2,"47,050"
ADIMINISTRATIVE,EXECUTIVE_ADMINISTRATOR,3,"49,360"
ADIMINISTRATIVE,EXECUTIVE_ADMINISTRATOR,4,"51,268"
ADIMINISTRATIVE,EXECUTIVE_ADMINISTRATOR,5,"53,218"
ADIMINISTRATIVE,EXECUTIVE_ADMINISTRATOR,6,"55,306"
ADIMINISTRATIVE,EXECUTIVE_ADMINISTRATOR,7,"57,462"
ADIMINISTRATIVE,EXECUTIVE_ADMINISTRATOR,8,"59,557"
ADIMINISTRATIVE,EXECUTIVE_ADMINISTRATOR,9,"61,263"
ADIMINISTRATIVE,EXECUTIVE_ADMINISTRATOR,10,"62,840"
ADIMINISTRATIVE,EXECUTIVE_ADMINISTRATOR,11,"64,409"

ADIMINISTRATIVE,SENIOR_ADMINISTRATOR,1,"39,893"
ADIMINISTRATIVE,SENIOR_ADMINISTRATOR,2,"40,785"
ADIMINISTRATIVE,SENIOR_ADMINISTRATOR,3,"42,037"
ADIMINISTRATIVE,SENIOR_ADMINISTRATOR,4,"43,282"
ADIMINISTRATIVE,SENIOR_ADMINISTRATOR,5,"44,546"
ADIMINISTRATIVE,SENIOR_ADMINISTRATOR,6,"45,799"
ADIMINISTRATIVE,SENIOR_ADMINISTRATOR,7,"47,069"
ADIMINISTRATIVE,SENIOR_ADMINISTRATOR,8,"48,336"
ADIMINISTRATIVE,SENIOR_ADMINISTRATOR,9,"49,613"
ADIMINISTRATIVE,SENIOR_ADMINISTRATOR,10,"50,660"
ADIMINISTRATIVE,SENIOR_ADMINISTRATOR,11,"51,944"
ADIMINISTRATIVE,SENIOR_ADMINISTRATOR,12,"53,265"

ADIMINISTRATIVE,ADMINISTRATOR,1,"26,572"
ADIMINISTRATIVE,ADMINISTRATOR,2,"27,495"
ADIMINISTRATIVE,ADMINISTRATOR,3,"28,629"
ADIMINISTRATIVE,ADMINISTRATOR,4,"29,397"
ADIMINISTRATIVE,ADMINISTRATOR,5,"30,060"
ADIMINISTRATIVE,ADMINISTRATOR,6,"30,830"
ADIMINISTRATIVE,ADMINISTRATOR,7,"31,616"
ADIMINISTRATIVE,ADMINISTRATOR,8,"32,491"
ADIMINISTRATIVE,ADMINISTRATOR,9,"33,224"
ADIMINISTRATIVE,ADMINISTRATOR,10,"34,378"
ADIMINISTRATIVE,ADMINISTRATOR,11,"35,541"
ADIMINISTRATIVE,ADMINISTRATOR,12,"36,715"
ADIMINISTRATIVE,ADMINISTRATOR,13,"37,403"
ADIMINISTRATIVE,ADMINISTRATOR,14,"38,396"
ADIMINISTRATIVE,ADMINISTRATOR,15,"39,212"
ADIMINISTRATIVE,ADMINISTRATOR,16,"39,926"
ADIMINISTRATIVE,ADMINISTRATOR,17,"40,912"
ADIMINISTRATIVE,ADMINISTRATOR,18,"41,892"


#EDUCATION_PROCUREMENT_SERVICES

EDUCATION_PROCUREMENT_SERVICES,EPS_PORTFOLIO_MANAGER,1,"86,389"
EDUCATION_PROCUREMENT_SERVICES,EPS_PORTFOLIO_MANAGER,2,"90,698"
EDUCATION_PROCUREMENT_SERVICES,EPS_PORTFOLIO_MANAGER,3,"95,005"
EDUCATION_PROCUREMENT_SERVICES,EPS_PORTFOLIO_MANAGER,4,"99,296"
EDUCATION_PROCUREMENT_SERVICES,EPS_PORTFOLIO_MANAGER,5,"103,583"
EDUCATION_PROCUREMENT_SERVICES,EPS_PORTFOLIO_MANAGER,6,"107,874"

EDUCATION_PROCUREMENT_SERVICES,EPS_CATEGORY_MANAGER,1,"67,131"
EDUCATION_PROCUREMENT_SERVICES,EPS_CATEGORY_MANAGER,2,"69,712"
EDUCATION_PROCUREMENT_SERVICES,EPS_CATEGORY_MANAGER,3,"72,480"
EDUCATION_PROCUREMENT_SERVICES,EPS_CATEGORY_MANAGER,4,"75,725"
EDUCATION_PROCUREMENT_SERVICES,EPS_CATEGORY_MANAGER,5,"79,087"
EDUCATION_PROCUREMENT_SERVICES,EPS_CATEGORY_MANAGER,6,"82,103"
EDUCATION_PROCUREMENT_SERVICES,EPS_CATEGORY_MANAGER,7,"86,389"
EDUCATION_PROCUREMENT_SERVICES,EPS_CATEGORY_MANAGER,8,"90,698"

EDUCATION_PROCUREMENT_SERVICES,EPS_CATEGORY_SPECIALIST,1,"44,752"
EDUCATION_PROCUREMENT_SERVICES,EPS_CATEGORY_SPECIALIST,2,"47,047"
EDUCATION_PROCUREMENT_SERVICES,EPS_CATEGORY_SPECIALIST,3,"49,360"
EDUCATION_PROCUREMENT_SERVICES,EPS_CATEGORY_SPECIALIST,4,"51,269"
EDUCATION_PROCUREMENT_SERVICES,EPS_CATEGORY_SPECIALIST,5,"53,219"
EDUCATION_PROCUREMENT_SERVICES,EPS_CATEGORY_SPECIALIST,6,"55,306"
EDUCATION_PROCUREMENT_SERVICES,EPS_CATEGORY_SPECIALIST,7,"57,462"
EDUCATION_PROCUREMENT_SERVICES,EPS_CATEGORY_SPECIALIST,8,"59,558"


#LIBRARY

LIBRARY,SUB_LIBRARIAN,1,"64,830"
LIBRARY,SUB_LIBRARIAN,2,"68,413"
LIBRARY,SUB_LIBRARIAN,3,"71,505"
LIBRARY,SUB_LIBRARIAN,4,"74,734"
LIBRARY,SUB_LIBRARIAN,5,"77,824"
LIBRARY,SUB_LIBRARIAN,6,"80,106"
LIBRARY,SUB_LIBRARIAN,7,"83,065"
LIBRARY,SUB_LIBRARIAN,8,"86,613"
LIBRARY,SUB_LIBRARIAN,9,"90,308"
LIBRARY,SUB_LIBRARIAN,10,"93,715"
LIBRARY,SUB_LIBRARIAN,11,"97,127"
LIBRARY,SUB_LIBRARIAN,12,"100,531"
LIBRARY,SUB_LIBRARIAN,13,"102,234"
LIBRARY,SUB_LIBRARIAN,14,"104,052"
LIBRARY,SUB_LIBRARIAN,15,"106,850"

LIBRARY,ASSISTANT_LIBRARIAN_2,1,"58,657"
LIBRARY,ASSISTANT_LIBRARIAN_2,2,"60,174"
LIBRARY,ASSISTANT_LIBRARIAN_2,3,"61,704"
LIBRARY,ASSISTANT_LIBRARIAN_2,4,"63,240"
LIBRARY,ASSISTANT_LIBRARIAN_2,5,"64,776"
LIBRARY,ASSISTANT_LIBRARIAN_2,6,"66,317"
LIBRARY,ASSISTANT_LIBRARIAN_2,7,"68,510"
LIBRARY,ASSISTANT_LIBRARIAN_2,8,"72,779"
LIBRARY,ASSISTANT_LIBRARIAN_2,9,"77,291"
LIBRARY,ASSISTANT_LIBRARIAN_2,10,"79,691"
LIBRARY,ASSISTANT_LIBRARIAN_2,11,"83,397"

LIBRARY,ASSISTANT_LIBRARIAN_1,1,"44,751"
LIBRARY,ASSISTANT_LIBRARIAN_1,2,"47,050"
LIBRARY,ASSISTANT_LIBRARIAN_1,3,"49,364"
LIBRARY,ASSISTANT_LIBRARIAN_1,4,"51,269"
LIBRARY,ASSISTANT_LIBRARIAN_1,5,"53,605"
LIBRARY,ASSISTANT_LIBRARIAN_1,6,"55,126"
LIBRARY,ASSISTANT_LIBRARIAN_1,7,"56,632"
LIBRARY,ASSISTANT_LIBRARIAN_1,8,"57,745"
LIBRARY,ASSISTANT_LIBRARIAN_1,9,"59,104"
LIBRARY,ASSISTANT_LIBRARIAN_1,10,"60,468"
LIBRARY,ASSISTANT_LIBRARIAN_1,11,"61,415"
LIBRARY,ASSISTANT_LIBRARIAN_1,12,"62,371"
LIBRARY,ASSISTANT_LIBRARIAN_1,13,"64,409"
LIBRARY,ASSISTANT_LIBRARIAN_1,14,"66,805"
LIBRARY,ASSISTANT_LIBRARIAN_1,15,"69,293"

LIBRARY,SENIOR_LIBRARY_ASSISTANT,1,"39,337"
LIBRARY,SENIOR_LIBRARY_ASSISTANT,2,"39,808"
LIBRARY,SENIOR_LIBRARY_ASSISTANT,3,"40,882"
LIBRARY,SENIOR_LIBRARY_ASSISTANT,4,"41,881"
LIBRARY,SENIOR_LIBRARY_ASSISTANT,5,"42,439"
LIBRARY,SENIOR_LIBRARY_ASSISTANT,6,"44,325"
LIBRARY,SENIOR_LIBRARY_ASSISTANT,7,"45,156"
LIBRARY,SENIOR_LIBRARY_ASSISTANT,8,"46,242"
LIBRARY,SENIOR_LIBRARY_ASSISTANT,9,"47,587"
LIBRARY,SENIOR_LIBRARY_ASSISTANT,10,"48,932"
LIBRARY,SENIOR_LIBRARY_ASSISTANT,11,"50,539"
LIBRARY,SENIOR_LIBRARY_ASSISTANT,12,"51,945"
LIBRARY,SENIOR_LIBRARY_ASSISTANT,13,"53,657"

LIBRARY,LIBRARY_ASSISTANT,1,"33,703"
LIBRARY,LIBRARY_ASSISTANT,2,"35,429"
LIBRARY,LIBRARY_ASSISTANT,3,"36,934"
LIBRARY,LIBRARY_ASSISTANT,4,"37,881"
LIBRARY,LIBRARY_ASSISTANT,5,"39,133"
LIBRARY,LIBRARY_ASSISTANT,6,"40,055"
LIBRARY,LIBRARY_ASSISTANT,7,"41,318"
LIBRARY,LIBRARY_ASSISTANT,8,"43,868"
LIBRARY,LIBRARY_ASSISTANT,9,"45,138"
LIBRARY,LIBRARY_ASSISTANT,10,"45,798"

LIBRARY,LIBRARY_ATTENDANT,1,"33,403"
LIBRARY,LIBRARY_ATTENDANT,2,"34,054"
LIBRARY,LIBRARY_ATTENDANT,3,"36,605"
LIBRARY,LIBRARY_ATTENDANT,4,"36,966"
LIBRARY,LIBRARY_ATTENDANT,5,"36,989"
LIBRARY,LIBRARY_ATTENDANT,6,"37,352"
LIBRARY,LIBRARY_ATTENDANT,7,"37,714"
LIBRARY,LIBRARY_ATTENDANT,8,"38,072"
LIBRARY,LIBRARY_ATTENDANT,9,"38,428"
LIBRARY,LIBRARY_ATTENDANT,10,"38,443"
LIBRARY,LIBRARY_ATTENDANT,11,"38,970"
LIBRARY,LIBRARY_ATTENDANT,12,"39,512"
LIBRARY,LIBRARY_ATTENDANT,13,"40,039"
LIBRARY,LIBRARY_ATTENDANT,14,"40,230"

#INFORMATION TECHNOLOGY

INFORMATION_TECHNOLOGY,ANALYST_PROGRAMMER_3,1,"67,132"
INFORMATION_TECHNOLOGY,ANALYST_PROGRAMMER_3,2,"79,088"
INFORMATION_TECHNOLOGY,ANALYST_PROGRAMMER_3,3,"82,103"
INFORMATION_TECHNOLOGY,ANALYST_PROGRAMMER_3,4,"86,389"
INFORMATION_TECHNOLOGY,ANALYST_PROGRAMMER_3,5,"90,697"
INFORMATION_TECHNOLOGY,ANALYST_PROGRAMMER_3,6,"95,004"
INFORMATION_TECHNOLOGY,ANALYST_PROGRAMMER_3,7,"99,296"
INFORMATION_TECHNOLOGY,ANALYST_PROGRAMMER_3,8,"103,583"
INFORMATION_TECHNOLOGY,ANALYST_PROGRAMMER_3,9,"107,875"

INFORMATION_TECHNOLOGY,ANALYST_PROGRAMMER_2,1,"53,677"
INFORMATION_TECHNOLOGY,ANALYST_PROGRAMMER_2,2,"55,287"
INFORMATION_TECHNOLOGY,ANALYST_PROGRAMMER_2,3,"56,903"
INFORMATION_TECHNOLOGY,ANALYST_PROGRAMMER_2,4,"58,501"
INFORMATION_TECHNOLOGY,ANALYST_PROGRAMMER_2,5,"60,116"
INFORMATION_TECHNOLOGY,ANALYST_PROGRAMMER_2,6,"61,717"
INFORMATION_TECHNOLOGY,ANALYST_PROGRAMMER_2,7,"64,375"
INFORMATION_TECHNOLOGY,ANALYST_PROGRAMMER_2,8,"66,805"
INFORMATION_TECHNOLOGY,ANALYST_PROGRAMMER_2,9,"69,293"

INFORMATION_TECHNOLOGY,ANALYST_PROGRAMMER_1,1,"42,012"
INFORMATION_TECHNOLOGY,ANALYST_PROGRAMMER_1,2,"44,629"
INFORMATION_TECHNOLOGY,ANALYST_PROGRAMMER_1,3,"46,172"
INFORMATION_TECHNOLOGY,ANALYST_PROGRAMMER_1,4,"47,611"
INFORMATION_TECHNOLOGY,ANALYST_PROGRAMMER_1,5,"49,079"
INFORMATION_TECHNOLOGY,ANALYST_PROGRAMMER_1,6,"50,543"
INFORMATION_TECHNOLOGY,ANALYST_PROGRAMMER_1,7,"52,039"
INFORMATION_TECHNOLOGY,ANALYST_PROGRAMMER_1,8,"53,562"
INFORMATION_TECHNOLOGY,ANALYST_PROGRAMMER_1,9,"56,116"
INFORMATION_TECHNOLOGY,ANALYST_PROGRAMMER_1,10,"58,164"

INFORMATION_TECHNOLOGY,SENIOR_COMPUTER_OPERATOR,1,"42,214"
INFORMATION_TECHNOLOGY,SENIOR_COMPUTER_OPERATOR,2,"43,823"
INFORMATION_TECHNOLOGY,SENIOR_COMPUTER_OPERATOR,3,"45,475"
INFORMATION_TECHNOLOGY,SENIOR_COMPUTER_OPERATOR,4,"46,768"
INFORMATION_TECHNOLOGY,SENIOR_COMPUTER_OPERATOR,5,"48,067"
INFORMATION_TECHNOLOGY,SENIOR_COMPUTER_OPERATOR,6,"49,369"
INFORMATION_TECHNOLOGY,SENIOR_COMPUTER_OPERATOR,7,"50,686"
INFORMATION_TECHNOLOGY,SENIOR_COMPUTER_OPERATOR,8,"51,968"
INFORMATION_TECHNOLOGY,SENIOR_COMPUTER_OPERATOR,9,"53,657"
INFORMATION_TECHNOLOGY,SENIOR_COMPUTER_OPERATOR,10,"55,570"

INFORMATION_TECHNOLOGY,COMPUTER_OPERATOR,1,"33,403"
INFORMATION_TECHNOLOGY,COMPUTER_OPERATOR,2,"35,114"
INFORMATION_TECHNOLOGY,COMPUTER_OPERATOR,3,"36,604"
INFORMATION_TECHNOLOGY,COMPUTER_OPERATOR,4,"37,881"
INFORMATION_TECHNOLOGY,COMPUTER_OPERATOR,5,"39,133"
INFORMATION_TECHNOLOGY,COMPUTER_OPERATOR,6,"40,054"
INFORMATION_TECHNOLOGY,COMPUTER_OPERATOR,7,"41,318"
INFORMATION_TECHNOLOGY,COMPUTER_OPERATOR,8,"42,586"
INFORMATION_TECHNOLOGY,COMPUTER_OPERATOR,9,"43,868"
INFORMATION_TECHNOLOGY,COMPUTER_OPERATOR,10,"45,138"

INFORMATION_TECHNOLOGY,PRINT_OPERATOR_2,1,"31,238"
INFORMATION_TECHNOLOGY,PRINT_OPERATOR_2,2,"32,320"
INFORMATION_TECHNOLOGY,PRINT_OPERATOR_2,3,"33,844"
INFORMATION_TECHNOLOGY,PRINT_OPERATOR_2,4,"35,403"
INFORMATION_TECHNOLOGY,PRINT_OPERATOR_2,5,"36,946"
INFORMATION_TECHNOLOGY,PRINT_OPERATOR_2,6,"38,331"
INFORMATION_TECHNOLOGY,PRINT_OPERATOR_2,7,"39,365"
INFORMATION_TECHNOLOGY,PRINT_OPERATOR_2,8,"40,749"
INFORMATION_TECHNOLOGY,PRINT_OPERATOR_2,9,"42,093"
INFORMATION_TECHNOLOGY,PRINT_OPERATOR_2,10,"43,223"
INFORMATION_TECHNOLOGY,PRINT_OPERATOR_2,11,"44,373"

INFORMATION_TECHNOLOGY,PRINT_OPERATOR_1,1,"29,021"
INFORMATION_TECHNOLOGY,PRINT_OPERATOR_1,2,"30,996"
INFORMATION_TECHNOLOGY,PRINT_OPERATOR_1,3,"31,738"
INFORMATION_TECHNOLOGY,PRINT_OPERATOR_1,4,"32,768"
INFORMATION_TECHNOLOGY,PRINT_OPERATOR_1,5,"34,232"
INFORMATION_TECHNOLOGY,PRINT_OPERATOR_1,6,"35,719"
INFORMATION_TECHNOLOGY,PRINT_OPERATOR_1,7,"37,208"
INFORMATION_TECHNOLOGY,PRINT_OPERATOR_1,8,"38,553"

INFORMATION_TECHNOLOGY,COMPUTER_LAB_ATTENDANT,1,"33,403"
INFORMATION_TECHNOLOGY,COMPUTER_LAB_ATTENDANT,2,"34,543"
INFORMATION_TECHNOLOGY,COMPUTER_LAB_ATTENDANT,3,"36,605"
INFORMATION_TECHNOLOGY,COMPUTER_LAB_ATTENDANT,4,"36,967"
INFORMATION_TECHNOLOGY,COMPUTER_LAB_ATTENDANT,5,"36,987"
INFORMATION_TECHNOLOGY,COMPUTER_LAB_ATTENDANT,6,"37,353"
INFORMATION_TECHNOLOGY,COMPUTER_LAB_ATTENDANT,7,"37,714"
INFORMATION_TECHNOLOGY,COMPUTER_LAB_ATTENDANT,8,"38,072"
INFORMATION_TECHNOLOGY,COMPUTER_LAB_ATTENDANT,9,"38,428"

INFORMATION_TECHNOLOGY,TEMPORARY_COMPUTER_ASSISTANT,1,"33,403"
INFORMATION_TECHNOLOGY,TEMPORARY_COMPUTER_ASSISTANT,2,"34,543"
INFORMATION_TECHNOLOGY,TEMPORARY_COMPUTER_ASSISTANT,3,"36,605"
INFORMATION_TECHNOLOGY,TEMPORARY_COMPUTER_ASSISTANT,4,"36,967"
INFORMATION_TECHNOLOGY,TEMPORARY_COMPUTER_ASSISTANT,5,"36,987"
INFORMATION_TECHNOLOGY,TEMPORARY_COMPUTER_ASSISTANT,6,"37,353"
INFORMATION_TECHNOLOGY,TEMPORARY_COMPUTER_ASSISTANT,7,"37,714"
INFORMATION_TECHNOLOGY,TEMPORARY_COMPUTER_ASSISTANT,8,"38,072"
INFORMATION_TECHNOLOGY,TEMPORARY_COMPUTER_ASSISTANT,9,"38,428"


#TECHNICAL

TECHNICAL,CHIEF_TECHNICAL_OFFICER,1,"64,838"
TECHNICAL,CHIEF_TECHNICAL_OFFICER,2,"67,536"
TECHNICAL,CHIEF_TECHNICAL_OFFICER,3,"70,205"
TECHNICAL,CHIEF_TECHNICAL_OFFICER,4,"72,948"
TECHNICAL,CHIEF_TECHNICAL_OFFICER,5,"75,821"
TECHNICAL,CHIEF_TECHNICAL_OFFICER,6,"78,621"

TECHNICAL,TECHNICAL_OFFICER,1,"39,828"
TECHNICAL,TECHNICAL_OFFICER,2,"41,606"
TECHNICAL,TECHNICAL_OFFICER,3,"43,745"
TECHNICAL,TECHNICAL_OFFICER,4,"45,033"
TECHNICAL,TECHNICAL_OFFICER,5,"46,408"
TECHNICAL,TECHNICAL_OFFICER,6,"49,325"
TECHNICAL,TECHNICAL_OFFICER,7,"51,251"
TECHNICAL,TECHNICAL_OFFICER,8,"53,228"
TECHNICAL,TECHNICAL_OFFICER,9,"55,376"
TECHNICAL,TECHNICAL_OFFICER,10,"57,459"

#SPECIAL SCALE

TECHNICAL,SENIOR_TECHNICAL_OFFICER,11,"60,654"
TECHNICAL,SENIOR_TECHNICAL_OFFICER,12,"62,799"
TECHNICAL,SENIOR_TECHNICAL_OFFICER,13,"65,107"
TECHNICAL,SENIOR_TECHNICAL_OFFICER,14,"67,470"
TECHNICAL,SENIOR_TECHNICAL_OFFICER,15,"69,827"
TECHNICAL,SENIOR_TECHNICAL_OFFICER,16,"71,290"

TECHNICAL,SENIOR_LAB_ATTENDANT,1,"38,443"
TECHNICAL,SENIOR_LAB_ATTENDANT,2,"38,970"
TECHNICAL,SENIOR_LAB_ATTENDANT,3,"39,512"
TECHNICAL,SENIOR_LAB_ATTENDANT,4,"40,040"
TECHNICAL,SENIOR_LAB_ATTENDANT,5,"40,229"

TECHNICAL,LABORATORY_ATTENDANT,1,"33,403"
TECHNICAL,LABORATORY_ATTENDANT,2,"34,543"
TECHNICAL,LABORATORY_ATTENDANT,3,"36,604"
TECHNICAL,LABORATORY_ATTENDANT,4,"36,966"
TECHNICAL,LABORATORY_ATTENDANT,5,"36,989"
TECHNICAL,LABORATORY_ATTENDANT,6,"37,352"
TECHNICAL,LABORATORY_ATTENDANT,7,"37,714"
TECHNICAL,LABORATORY_ATTENDANT,8,"38,072"
TECHNICAL,LABORATORY_ATTENDANT,9,"38,429"

#SERVICE STAFF

SERVICE_STAFF,SEN_PORTER/ATTENDANT,1,"41,472"
SERVICE_STAFF,SEN_PORTER/ATTENDANT,2,"41,678"
SERVICE_STAFF,SEN_PORTER/ATTENDANT,3,"41,873"
SERVICE_STAFF,SEN_PORTER/ATTENDANT,4,"41,984"
SERVICE_STAFF,SEN_PORTER/ATTENDANT,5,"42,103"
SERVICE_STAFF,SEN_PORTER/ATTENDANT,6,"42,213"
SERVICE_STAFF,SEN_PORTER/ATTENDANT,7,"42,325"
SERVICE_STAFF,SEN_PORTER/ATTENDANT,8,"42,445"
SERVICE_STAFF,SEN_PORTER/ATTENDANT,9,"42,563"
SERVICE_STAFF,SEN_PORTER/ATTENDANT,10,"42,689"
SERVICE_STAFF,SEN_PORTER/ATTENDANT,11,"42,813"
SERVICE_STAFF,SEN_PORTER/ATTENDANT,12,"42,936"
SERVICE_STAFF,SEN_PORTER/ATTENDANT,13,"43,069"

SERVICE_STAFF,PORTER/ATTENDANT,1,"36,456"
SERVICE_STAFF,PORTER/ATTENDANT,2,"37,227"
SERVICE_STAFF,PORTER/ATTENDANT,3,"39,454"
SERVICE_STAFF,PORTER/ATTENDANT,4,"39,644"
SERVICE_STAFF,PORTER/ATTENDANT,5,"39,821"
SERVICE_STAFF,PORTER/ATTENDANT,6,"39,919"
SERVICE_STAFF,PORTER/ATTENDANT,7,"40,032"
SERVICE_STAFF,PORTER/ATTENDANT,8,"40,032"
SERVICE_STAFF,PORTER/ATTENDANT,9,"40,032"
SERVICE_STAFF,PORTER/ATTENDANT,10,"40,032"
SERVICE_STAFF,PORTER/ATTENDANT,11,"40,099"
SERVICE_STAFF,PORTER/ATTENDANT,12,"40,214"
SERVICE_STAFF,PORTER/ATTENDANT,13,"40,327"
SERVICE_STAFF,PORTER/ATTENDANT,14,"40,440"
SERVICE_STAFF,PORTER/ATTENDANT,15,"40,552"

SERVICE_STAFF,GROUNDS_SUPERVISOR,1,"40,712"
SERVICE_STAFF,GROUNDS_SUPERVISOR,2,"40,895"
SERVICE_STAFF,GROUNDS_SUPERVISOR,3,"41,086"
SERVICE_STAFF,GROUNDS_SUPERVISOR,4,"41,188"
SERVICE_STAFF,GROUNDS_SUPERVISOR,5,"41,295"
SERVICE_STAFF,GROUNDS_SUPERVISOR,6,"41,402"
SERVICE_STAFF,GROUNDS_SUPERVISOR,7,"41,498"
SERVICE_STAFF,GROUNDS_SUPERVISOR,8,"41,609"
SERVICE_STAFF,GROUNDS_SUPERVISOR,9,"€41,720"
SERVICE_STAFF,GROUNDS_SUPERVISOR,10,"41,828"
SERVICE_STAFF,GROUNDS_SUPERVISOR,11,"41,944"
SERVICE_STAFF,GROUNDS_SUPERVISOR,12,"42,060"
SERVICE_STAFF,GROUNDS_SUPERVISOR,13,"42,165"

SERVICE_STAFF,GROUNDSWORKPERSON,1,"35,063"
SERVICE_STAFF,GROUNDSWORKPERSON,2,"35,795"
SERVICE_STAFF,GROUNDSWORKPERSON,3,"38,451"
SERVICE_STAFF,GROUNDSWORKPERSON,4,"38,637"
SERVICE_STAFF,GROUNDSWORKPERSON,5,"38,810"
SERVICE_STAFF,GROUNDSWORKPERSON,6,"38,906"
SERVICE_STAFF,GROUNDSWORKPERSON,7,"39,009"
SERVICE_STAFF,GROUNDSWORKPERSON,8,"39,104"
SERVICE_STAFF,GROUNDSWORKPERSON,9,"39,206"
SERVICE_STAFF,GROUNDSWORKPERSON,10,"39,304"
SERVICE_STAFF,GROUNDSWORKPERSON,11,"39,415"
SERVICE_STAFF,GROUNDSWORKPERSON,12,"39,522"
SERVICE_STAFF,GROUNDSWORKPERSON,13,"39,632"
SERVICE_STAFF,GROUNDSWORKPERSON,14,"39,744"
SERVICE_STAFF,GROUNDSWORKPERSON,15,"39,861"

SERVICE_STAFF,SENIOR_AIDE,1,"40,827"
SERVICE_STAFF,SENIOR_AIDE,2,"41,026"
SERVICE_STAFF,SENIOR_AIDE,3,"41,209"
SERVICE_STAFF,SENIOR_AIDE,4,"41,317"
SERVICE_STAFF,SENIOR_AIDE,5,"41,420"
SERVICE_STAFF,SENIOR_AIDE,6,"41,534"
SERVICE_STAFF,SENIOR_AIDE,7,"41,635"
SERVICE_STAFF,SENIOR_AIDE,8,"41,745"
SERVICE_STAFF,SENIOR_AIDE,9,"41,859"
SERVICE_STAFF,SENIOR_AIDE,10,"41,975"
SERVICE_STAFF,SENIOR_AIDE,11,"42,089"
SERVICE_STAFF,SENIOR_AIDE,12,"42,206"
SERVICE_STAFF,SENIOR_AIDE,13,"42,318"

SERVICE_STAFF,GROUNDSWORKPERSON_MACHINE_ATTENDANT,1,"35,829"
SERVICE_STAFF,GROUNDSWORKPERSON_MACHINE_ATTENDANT,2,"36,585"
SERVICE_STAFF,GROUNDSWORKPERSON_MACHINE_ATTENDANT,3,"39,300"
SERVICE_STAFF,GROUNDSWORKPERSON_MACHINE_ATTENDANT,4,"39,493"
SERVICE_STAFF,GROUNDSWORKPERSON_MACHINE_ATTENDANT,5,"39,671"
SERVICE_STAFF,GROUNDSWORKPERSON_MACHINE_ATTENDANT,6,"39,864"
SERVICE_STAFF,GROUNDSWORKPERSON_MACHINE_ATTENDANT,7,"39,874"
SERVICE_STAFF,GROUNDSWORKPERSON_MACHINE_ATTENDANT,8,"39,979"
SERVICE_STAFF,GROUNDSWORKPERSON_MACHINE_ATTENDANT,9,"40,085"
SERVICE_STAFF,GROUNDSWORKPERSON_MACHINE_ATTENDANT,10,"40,085"
SERVICE_STAFF,GROUNDSWORKPERSON_MACHINE_ATTENDANT,11,"40,085"
SERVICE_STAFF,GROUNDSWORKPERSON_MACHINE_ATTENDANT,12,"40,085"
SERVICE_STAFF,GROUNDSWORKPERSON_MACHINE_ATTENDANT,13,"40,172"
SERVICE_STAFF,GROUNDSWORKPERSON_MACHINE_ATTENDANT,14,"40,286"
SERVICE_STAFF,GROUNDSWORKPERSON_MACHINE_ATTENDANT,15,"40,401"

SERVICE_STAFF,SERVICE_STAFF,1,"35,974"
SERVICE_STAFF,SERVICE_STAFF,2,"36,736"
SERVICE_STAFF,SERVICE_STAFF,3,"39,461"
SERVICE_STAFF,SERVICE_STAFF,4,"39,657"
SERVICE_STAFF,SERVICE_STAFF,5,"39,836"
SERVICE_STAFF,SERVICE_STAFF,6,"39,933"
SERVICE_STAFF,SERVICE_STAFF,7,"40,040"
SERVICE_STAFF,SERVICE_STAFF,8,"40,040"
SERVICE_STAFF,SERVICE_STAFF,9,"40,040"
SERVICE_STAFF,SERVICE_STAFF,10,"40,040"
SERVICE_STAFF,SERVICE_STAFF,11,"40,113"
SERVICE_STAFF,SERVICE_STAFF,12,"40,226"
SERVICE_STAFF,SERVICE_STAFF,13,"40,336"
SERVICE_STAFF,SERVICE_STAFF,14,"40,451"
SERVICE_STAFF,SERVICE_STAFF,15,"40,566"

SERVICE_STAFF,SERVICE_STAFF_SHIFT,1,"37,129"
SERVICE_STAFF,SERVICE_STAFF_SHIFT,2,"37,898"
SERVICE_STAFF,SERVICE_STAFF_SHIFT,3,"40,388"
SERVICE_STAFF,SERVICE_STAFF_SHIFT,4,"40,578"
SERVICE_STAFF,SERVICE_STAFF_SHIFT,5,"40,761"
SERVICE_STAFF,SERVICE_STAFF_SHIFT,6,"40,861"
SERVICE_STAFF,SERVICE_STAFF_SHIFT,7,"40,973"
SERVICE_STAFF,SERVICE_STAFF_SHIFT,8,"41,074"
SERVICE_STAFF,SERVICE_STAFF_SHIFT,9,"41,179"
SERVICE_STAFF,SERVICE_STAFF_SHIFT,10,"41,284"
SERVICE_STAFF,SERVICE_STAFF_SHIFT,11,"41,392"
SERVICE_STAFF,SERVICE_STAFF_SHIFT,12,"41,506"
SERVICE_STAFF,SERVICE_STAFF_SHIFT,13,"41,613"
SERVICE_STAFF,SERVICE_STAFF_SHIFT,14,"41,733"
SERVICE_STAFF,SERVICE_STAFF_SHIFT,15,"41,846"

SERVICE_STAFF,PLANT_MAINTENANCE_AIDE,1,"40,053"
SERVICE_STAFF,PLANT_MAINTENANCE_AIDE,2,"43,995"

SERVICE_STAFF,GROUNDS_FOREPERSON,1,"49,333"
SERVICE_STAFF,GROUNDS_FOREPERSON,2,"50,369"
SERVICE_STAFF,GROUNDS_FOREPERSON,3,"51,204"
SERVICE_STAFF,GROUNDS_FOREPERSON,4,"52,137"
SERVICE_STAFF,GROUNDS_FOREPERSON,5,"53,117"
SERVICE_STAFF,GROUNDS_FOREPERSON,6,"54,078"

#TEACHERS

TEACHERS,TEACHING_FELLOW,1,"62,069"
TEACHERS,TEACHING_FELLOW,2,"73,092"
TEACHERS,TEACHING_FELLOW,3,"77,007"
TEACHERS,TEACHING_FELLOW,4,"79,703"
TEACHERS,TEACHING_FELLOW,5,"83,634"
TEACHERS,TEACHING_FELLOW,6,"87,605"
TEACHERS,TEACHING_FELLOW,7,"91,562"
TEACHERS,TEACHING_FELLOW,8,"95,514"
TEACHERS,TEACHING_FELLOW,9,"99,471"

TEACHERS,UNIVERSITY_TEACHER,1,"46,955"
TEACHERS,UNIVERSITY_TEACHER,2,"49,543"
TEACHERS,UNIVERSITY_TEACHER,3,"51,676"
TEACHERS,UNIVERSITY_TEACHER,4,"53,644"
TEACHERS,UNIVERSITY_TEACHER,5,"55,689"
TEACHERS,UNIVERSITY_TEACHER,6,"57,323"
TEACHERS,UNIVERSITY_TEACHER,7,"58,990"
TEACHERS,UNIVERSITY_TEACHER,8,"60,654"
TEACHERS,UNIVERSITY_TEACHER,9,"62,314"
TEACHERS,UNIVERSITY_TEACHER,10,"63,965"

TEACHERS,ASSOCIATE_TEACHER,1,"37,008"
TEACHERS,ASSOCIATE_TEACHER,2,"39,126"
TEACHERS,ASSOCIATE_TEACHER,3,"40,060"
TEACHERS,ASSOCIATE_TEACHER,4,"41,945"
TEACHERS,ASSOCIATE_TEACHER,5,"43,130"
TEACHERS,ASSOCIATE_TEACHER,6,"44,464"
TEACHERS,ASSOCIATE_TEACHER,7,"45,716"
TEACHERS,ASSOCIATE_TEACHER,8,"46,978"
TEACHERS,ASSOCIATE_TEACHER,9,"47,948"
TEACHERS,ASSOCIATE_TEACHER,10,"50,419"

#CLINICAL

CLINICAL,HERAPIES_REGIONAL_SUPERVISORS_REGIONAL_PLACEMENT_FACILITATOR,1,"62,038"
CLINICAL,HERAPIES_REGIONAL_SUPERVISORS_REGIONAL_PLACEMENT_FACILITATOR,2,"63,360"
CLINICAL,HERAPIES_REGIONAL_SUPERVISORS_REGIONAL_PLACEMENT_FACILITATOR,3,"64,724"
CLINICAL,HERAPIES_REGIONAL_SUPERVISORS_REGIONAL_PLACEMENT_FACILITATOR,4,"66,076"
CLINICAL,HERAPIES_REGIONAL_SUPERVISORS_REGIONAL_PLACEMENT_FACILITATOR,5,"67,430"
CLINICAL,HERAPIES_REGIONAL_SUPERVISORS_REGIONAL_PLACEMENT_FACILITATOR,6,"68,853"
CLINICAL,HERAPIES_REGIONAL_SUPERVISORS_REGIONAL_PLACEMENT_FACILITATOR,7,"70,352"
CLINICAL,HERAPIES_REGIONAL_SUPERVISORS_REGIONAL_PLACEMENT_FACILITATOR,8,"71,848"
CLINICAL,HERAPIES_REGIONAL_SUPERVISORS_REGIONAL_PLACEMENT_FACILITATOR,9,"73,048"

CLINICAL,CLINICAL_TUTOR,1,"66,452"
CLINICAL,CLINICAL_TUTOR,2,"69,009"
CLINICAL,CLINICAL_TUTOR,3,"71,509"
CLINICAL,CLINICAL_TUTOR,4,"73,344"
CLINICAL,CLINICAL_TUTOR,5,"75,794"
CLINICAL,CLINICAL_TUTOR,6,"78,252"

CLINICAL,CLINICAL_FELLOW,1,"74,499"
CLINICAL,CLINICAL_FELLOW,2,"76,258"
CLINICAL,CLINICAL_FELLOW,3,"78,804"
CLINICAL,CLINICAL_FELLOW,4,"81,095"
CLINICAL,CLINICAL_FELLOW,5,"84,824"
CLINICAL,CLINICAL_FELLOW,6,"88,562"
CLINICAL,CLINICAL_FELLOW,7,"92,294"

#ULAC

ULAC,Assistant_Senior_Instructor,1,"31,099"

ULAC,Lead_Instructor,1,"29,370"

ULAC,Multi_Activity_Instructor_(Grade_1),1,"25,334"
ULAC,Multi_Activity_Instructor_(Grade_1),2,"27,639"

ULAC,Multi_Activity_Instructor_(Grade_2),1,"25,910"

ULAC,Assistant_Instructor,1,"23,363"
ULAC,Assistant_Instructor,2,"25,576"

ULAC,CO-OP_STUDENTS,1,"25,306"
ULAC,CO-OP_STUDENTS,2,"25,350"
